,0
wine,82803
flavor,70024
fruit,55229
aroma,40982
finish,40235
acid,39140
palat,37307
tannin,31441
cherri,30847
ripe,28738
note,24447
dri,23548
rich,22756
fresh,22161
show,18384
black,18055
spice,17547
red,17230
offer,16079
berri,15629
textur,15355
nose,15155
soft,14972
sweet,14776
plum,14604
drink,14441
light,14304
oak,14229
blackberri,14163
balanc,14131
crisp,13449
structur,12865
fruiti,11924
bright,11502
hint,11174
blend,10573
touch,10459
give,10442
citrus,10269
miner,10184
juici,10100
veri,10083
firm,10036
raspberri,9850
vanilla,9842
concentr,9269
well,9227
dark,9173
herb,9130
feel,8872
age,8780
good,8472
appl,8346
charact,8223
open,8000
complex,7976
full,7860
smooth,7764
eleg,7539
spici,7437
round,7025
intens,6793
peach,6765
make,6675
tart,6632
pear,6587
white,6421
fine,6400
bottl,6373
herbal,6170
also,6141
green,6124
come,6114
toast,5971
dens,5879
creami,5867
licoric,5846
tannic,5752
tast,5751
layer,5669
clean,5635
power,5534
earthi,5513
tight,5507
mouth,5500
delici,5447
along,5354
savori,5303
like,5248
slight,5156
chocol,5124
bit,5100
year,5096
fullbodi,5055
long,5036
style,5008
honey,4834
deliv,4779
vineyard,4717
mouthfeel,4700
merlot,4692
cabernet_sauvignon,4685
yet,4663
made,4636
chardonnay,4633
nice,4631
lemon,4556
accent,4516
alongsid,4463
still,4452
syrah,4418
great,4416
live,4413
smoki,4406
refresh,4402
cassi,4397
leather,4277
one,4196
apricot,4170
readi_drink,4144
attract,4131
tobacco,4098
grape,4086
linger,4042
strawberri,4010
cola,3997
wood,3933
scent,3913
suggest,3851
lead,3851
floral,3792
simpl,3774
edg,3747
tropic,3733
melon,3722
solid,3721
pineappl,3697
produc,3676
perfum,3668
strong,3664
follow,3628
generous,3620
core,3608
littl,3589
bring,3584
aromat,3575
mix,3548
almost,3463
lime,3410
plenti,3407
clove,3404
big,3394
tone,3379
toasti,3377
pepper,3364
tangi,3347
candi,3306
matur,3306
domin,3290
blueberri,3277
delic,3249
impress,3245
black_currant,3203
pinot_noir,3192
seem,3181
pretti,3180
grapefruit,3174
beauti,3172
quit,3124
young,3082
coffe,3076
cranberri,3058
close,3048
end,3031
vintag,2976
silki,2956
zesti,2934
cabernet,2920
cedar,2898
smoke,2888
lot,2847
aftertast,2834
weight,2833
mocha,2833
lush,2805
oaki,2799
jammi,2791
barrel,2751
back,2749
currant,2737
black_pepper,2720
warm,2687
cinnamon,2678
caramel,2668
vibrant,2653
mediumbodi,2632
bake,2619
easi,2615
orang,2609
whiff,2596
enough,2588
bitter,2549
white_pepper,2537
much,2534
dusti,2529
carri,2504
although,2498
add,2496
subtl,2493
frame,2484
provid,2475
enjoy,2471
love,2470
thick,2459
color,2438
earth,2430
combin,2402
time,2389
bold,2381
green_appl,2365
bake_spice,2345
lean,2318
polish,2312
express,2309
lift,2298
best,2297
cabernet_franc,2283
cut,2263
element,2262
brisk,2261
pack,2261
qualiti,2235
espresso,2227
deep,2222
mint,2213
depth,2208
full_bodi,2200
pure,2196
yellow,2193
bouquet,2174
sour,2173
heavi,2168
mark,2153
malbec,2127
keep,2122
hard,2092
forward,2066
wineri,2057
support,2056
chewi,2052
start,2045
even,2040
stone_fruit,2036
sharp,2028
suppl,2020
pleasant,1990
violet,1976
focus,1972
velveti,1972
tangerin,1969
riesl,1968
pinot,1946
side,1935
go,1932
appeal,1928
drink_2018,1887
nt,1885
wild,1873
pepperi,1868
anis,1866
sauvignon_blanc,1865
crush,1863
mild,1862
rosé,1845
flower,1825
fragrant,1824
lend,1807
first,1801
rather,1795
doe,1780
astring,1774
right,1769
bodi,1769
red_currant,1759
streak,1754
integr,1725
develop,1723
varieti,1708
white_peach,1696
smell,1688
onli,1680
nuanc,1679
classic,1678
high,1676
includ,1663
glass,1651
lead_nose,1641
pair,1638
dark_chocol,1638
approach,1631
interest,1631
estat,1622
overal,1583
leav,1564
way,1544
straightforward,1543
opul,1542
roast,1541
extract,1537
sens,1528
plump,1520
midpal,1514
prune,1510
doe_nt,1497
gentl,1494
wood_age,1492
sip,1490
alreadi,1476
nectarin,1464
raci,1460
though,1460
turn,1458
get,1450
cellar,1446
petit_verdot,1434
exot,1426
perfect,1424
need,1423
drink_2017,1422
almond,1417
rustic,1415
befor,1392
raisin,1386
despit,1383
alcohol,1383
remain,1378
fleshi,1374
load,1374
take,1364
play,1352
wild_berri,1348
soften,1345
sage,1342
hold,1342
last,1341
featur,1339
cocoa,1334
blossom,1331
highlight,1330
lack,1329
boast,1325
plush,1318
char,1317
price,1317
length,1302
citrusi,1302
lemoni,1300
set,1290
graphit,1290
natur,1269
food,1268
medium_bodi,1263
chunki,1257
raw,1256
persist,1256
drink_2020,1252
wonder,1250
brambl,1245
meati,1241
new,1241
robust,1234
somewhat,1225
appel,1211
grip,1211
ampl,1209
intrigu,1203
excel,1202
honeysuckl,1194
present,1190
winemak,1184
luscious,1182
drink_2019,1176
fair,1168
boysenberri,1164
fig,1160
short,1156
top,1155
certain,1146
burst,1144
cab,1139
leatheri,1137
youth,1135
result,1130
refin,1130
serious,1128
appl_pear,1122
broad,1122
sangioves,1122
white_flower,1114
steeli,1114
menthol,1112
moder,1109
invit,1106
could,1103
find,1102
taut,1099
succul,1097
restrain,1095
around,1095
minti,1093
reveal,1092
need_time,1092
name,1090
juic,1088
front,1087
cool,1087
blackfruit,1084
surpris,1081
fill,1079
wrap,1066
distinct,1065
realli,1057
orang_peel,1056
viognier,1055
display,1055
potenti,1051
salti,1036
pie,1035
zinfandel,1032
unusu,1032
mellow,1031
woodi,1029
densiti,1023
typic,1015
ad,1011
easygo,1009
chalki,1008
still_young,1008
two,1007
french_oak,1005
tasti,1001
rose_petal,997
background,996
yeasti,995
region,993
creat,983
sourc,982
butter_toast,980
basic,976
coconut,969
addit,961
pomegran,959
rubberi,958
mouthwat,954
underbrush,952
exot_spice,946
palat_dole,944
medium,941
rose,933
final,931
may,925
tea,923
linear,921
lemon_zest,920
butter,918
tar,915
butteri,914
thin,914
given,911
drink_2016,911
variet,910
reserv,907
extrem,905
meet,899
come_togeth,899
petit_sirah,894
auster,894
easydrink,892
without,887
stalki,887
mani,884
promis,884
forest_floor,883
brace,882
appear,882
hot,880
mushroom,878
blue_flower,874
profil,868
satisfi,865
subdu,863
tomato,854
nutmeg,851
run,850
continu,850
tough,848
zin,847
modest,845
heat,845
throughout,841
screwcap,841
pleas,839
grenach,838
california,831
hit,831
redberri,827
sparkl,827
definit,826
herbac,823
easi_drink,822
gorgeous,822
skin,821
redfruit,815
emerg,811
100,810
use,806
vine,806
new_oak,805
part,802
grippi,802
shine,801
grassi,800
mango,796
initi,794
yellow_appl,793
valley,792
lightbodi,791
defin,790
milk_chocol,790
sophist,789
grace,788
allow,788
decad,785
base,784
chocolati,784
gritti,780
line,779
quick,777
famili,775
tast_like,772
cream,772
need_age,770
lyche,769
effort,768
offdri,763
characterist,762
recal,760
select,760
complet,759
drink_soon,758
sensat,757
appet,756
point,756
compon,754
bite,752
help,750
oliv,748
friend,748
nutti,748
alway,746
leafi,745
better,745
entic,745
blackberri_jam,744
evolv,738
sauvignon,733
person,733
banana,732
direct,730
brini,730
fulli,729
sandalwood,729
jam,726
black_oliv,723
less,721
dessert,717
accompani,717
wave,715
extra,714
butterscotch,713
game,710
begin,703
brighten,703
bubbl,701
form,699
stage,698
passion_fruit,694
huge,693
compact,692
highton,692
drinkabl,691
orang_zest,689
hearti,689
mountain,685
headi,684
would,683
star_anis,681
lace,678
overrip,677
except,677
charm,677
want,676
blackcurr,675
ani,673
lemon_lime,672
meat,671
togeth,670
tempranillo,670
ferment,666
finegrain_tannin,666
2018,665
bacon,663
puriti,662
tight_wound,662
penetr,662
citric,661
black_tea,661
brood,658
ginger,658
brown_sugar,657
10,657
rang,656
label,656
high_alcohol,656
dryness,653
near,651
sparkler,651
stand,647
immedi,644
consist,643
blackcherri,641
backbon,639
pithi,638
tri,634
harmoni,633
dust,630
grabbi,628
otherwis,628
especi,628
vivid,627
generic,627
oili,626
match,625
100_variet,621
tang,619
site,618
wellbalanc,617
medicin,617
compel,616
access,614
contrast,613
becom,608
slender,608
snappi,607
pink_grapefruit,603
air,603
veget,601
funki,601
thyme,600
finess,600
bone_dri,600
shade,600
flat,600
stew,599
delight,599
consider,599
kick,598
pleasur,597
purpl,597
pepperi_spice,596
import,593
someth,593
yeast,593
gooseberri,591
eucalyptus,591
burnt,591
howev,590
work,590
anoth,590
woodag,589
low,588
expect,585
readi,583
thank,582
pois,581
becaus,579
balsam_note,578
exuber,578
chees,574
smoke_meat,573
would_pair,570
sugar,570
next_year,570
term,570
least,568
mouthfil,568
bell_pepper,568
meyer_lemon,568
mingl,567
thing,567
plus,565
drink_2022,564
champagn,560
grass,558
lavend,558
preserv,556
detail,556
similar,555
substanti,555
20,554
new_french,554
old,553
blue,552
pinot_gris,551
tradit,547
standard,545
shiraz,542
promin,541
bake_appl,541
rough,540
equal,540
dish,538
cure_meat,535
uniqu,534
edgi,534
old_vine,533
yellow_peach,530
month,528
lemonlim,528
across,527
decent,527
light_bodi,525
small,525
pick,524
stone,523
truffl,522
complement,521
assert,520
abund,520
behind,519
precis,518
rhubarb,517
whole,516
coat,516
mourvèdr,515
total,514
entir,513
character,511
richer,511
level,509
grill_herb,508
satur,507
salin,506
upfront,504
call,502
clear,502
residu_sugar,501
drive,500
mean,500
yield,499
seduct,498
lead_way,497
lengthi,495
kiwi,494
enhanc,492
smell_like,492
stylish,492
nut,491
might,491
futur,491
hay,489
real,489
everyth,488
bitter_almond,488
2010,487
syrupi,487
reflect,487
summer,486
easili,486
toward,484
offset,484
tension,483
releas,483
reminisc,483
riper,482
pinot_grigio,482
sauc,482
unfold,482
raisini,480
2017,479
particular,478
fun,478
next,477
true,477
convey,474
wet_stone,473
sugari,473
warmth,472
flesh,472
ground,471
push,470
sleek,469
chop_herb,469
grown,469
singlevineyard,469
roast_coffe,468
drink_2021,468
pungent,467
2020,466
verdot,466
relat,464
within,464
weighti,462
peppercorn,462
barbecu,461
chard,459
primari,458
let,458
decant,458
sticki,458
crush_raspberri,457
settl,456
stonefruit,454
wait,454
packag,453
surround,452
toast_almond,449
put,449
goe,449
orang_blossom,448
serv,448
scratchi,447
extend,446
perhap,445
ting,445
massiv,444
experi,444
slate,443
enjoy_soon,441
beyond,441
purpl_flower,441
lemon_peel,441
main,441
look,441
fennel,440
jasmin,438
rare,438
bean,437
plummi,437
dill,437
kind,437
steak,436
fruitforward,435
modern,433
welcom,433
citrus_zest,433
40,433
muscular,432
coolclim,431
lee,430
shi,430
30,429
aggress,429
seamless,428
plant,427
cab_franc,427
resini,427
15,425
pristin,425
estat_vineyard,425
notion,425
2015,424
waxi,424
fade,423
grill,421
well_integr,420
faint,420
proper,420
case,419
half,418
version,418
give_way,417
luxuri,417
due,417
papaya,415
showcas,415
underrip,415
bordeaux,413
come_across,412
evid,412
dark_color,412
obvious,411
drink_2015,411
leaf,408
stoni,408
enorm,408
forc,407
fat,407
place,407
sever,407
asphalt,406
zippi,405
superrip,405
exampl,405
2012,404
wellintegr,404
improv,403
voluptu,403
brunello,403
age_potenti,402
carmenèr,401
2009,400
meld,400
maintain,400
appl_skin,400
shape,400
pencil_lead,399
blast,399
valu,399
peel,397
mouss,397
slight_bitter,397
syrup,396
choppi,395
rest,395
barbera,394
tens,393
resin,393
sémillon,392
manag,391
prove,390
barolo,390
elderberri,390
wellmad,390
allur,390
orchard_fruit,389
noth,389
blanc,389
raspberri_jam,389
plum_skin,389
three,388
second,388
cardamom,387
pop,387
rock,387
new_leather,387
healthi,385
amount,385
pipe_tobacco,384
zest,384
lith,382
mani_year,382
draw,381
hazelnut,381
sunni,380
benefit,379
known,379
differ,378
onc,378
far,378
new_wood,378
fruitdriven,377
danc,376
exhibit,375
everyday,375
tabl,374
cook,374
shot,374
deepli,373
success,373
potent,370
sturdi,370
larg,370
made_entir,369
steel,368
mediterranean_herb,368
ageworthi,366
briari,366
rubber,366
strike,365
energi,364
oxid,362
fragranc,362
lighter,361
tongu,361
salt,361
abound,360
apéritif,360
retain,360
brawni,360
backdrop,358
slowli,357
pair_well,357
notic,357
ground_pepper,357
control,357
lemongrass,356
2016,356
usual,355
soil,355
balsam,354
remark,354
stay,352
star,351
estategrown,351
2011,351
dash,350
indic,349
rug,349
join,348
see,348
quinc,348
brim,348
molass,346
lavish,346
medium_weight,346
barrel_sampl,345
product,344
till_soil,344
cuvé,344
among,344
vein,343
dilut,343
streamlin,343
found,342
develop_well,341
pronounc,340
toast_nut,340
ride,339
pinch,339
incred,339
aspect,339
punch,338
mulberri,338
craft,337
lipsmack,337
inki,336
leesi,335
sure,335
entri,334
area,334
foodfriend,334
sort,333
narrow,333
brilliant,333
guava,332
leather_tobacco,332
contribut,331
sauci,330
moment,330
inform,329
unctuous,329
pastri,329
flashi,328
redcurr,328
washington,328
stun,327
hill,326
underneath,326
wild_strawberri,325
possibl,325
overwhelm,325
overton,324
lumin,324
verv,324
vanilla_bean,324
crunchi,324
whose,323
grow,322
heft,320
never,320
honeydew,319
properti,318
season,318
toffe,318
probabl,317
mediumweight,316
bordeauxstyl_blend,316
bear,315
simpli,315
blend_sangioves,314
compos,314
add_complex,314
redcherri,313
crush_stone,313
swirl,313
onedimension,313
la,313
swath,313
rise,311
vineyarddesign,311
fall,311
napa_valley,311
big_bold,311
seem_bit,311
gami,310
2008,310
cigar_box,309
earli,309
2019,309
instead,309
introduc,309
hail,308
grill_meat,308
bitter_chocol,307
touriga_nacion,307
carob,306
soon,306
forest,305
done,305
could_age,305
nervi,304
explos,303
pierc,303
heart,303
one_best,303
overt,303
napa,302
garnacha,302
2013,302
often,300
white_almond,300
citrus_peel,300
flint,300
drop,300
reason,300
slice,299
oregano,299
harsh,299
watermelon,299
bonedri,299
douro,299
2007,298
sever_year,298
grapi,297
blackplum,297
mute,297
past,297
array,297
gewürztramin,297
botryti,295
redol,294
underscor,293
iron,293
peachi,293
origin,293
honeydew_melon,292
miss,292
cinnamon_clove,292
nero_davola,291
drink_now–2020,291
middl,291
darker,291
beef,290
offdri_riesl,290
anoth_year,290
bare,289
darkfruit,289
asian_spice,289
bay_leaf,289
regular,289
provid_framework,288
tomato_leaf,288
asian_pear,288
cook_spice,288
take_center,288
essenc,288
ultim,287
cloy,287
build,286
blend_60,286
woodspic,285
repres,285
junip,285
elev,285
crispli,285
classi,285
rooti,285
rosemari,284
scour,284
five_year,284
dramat,284
scorch_earth,282
underton,282
punchi,282
hand,282
allspic,282
port,282
petrol,281
vanilla_cream,281
captur,281
immens,281
pink,281
ton,280
deft,279
cut_grass,278
drink_2023,278
restraint,278
emphas,277
root_beer,277
vital,277
angular,277
driven,276
home,276
built,276
limit,276
impart,276
block,275
sea_salt,275
deal,275
fascin,274
boost,274
firm_finegrain,273
fact,273
neutral,272
roussann,272
stemmi,272
reward,272
excit,271
pull,271
say,271
roll,271
major,271
tannat,270
soy,270
tad,270
fan,270
invigor,269
current,269
chalk,269
de,269
lime_zest,269
jelli,268
splash,267
lemon_drop,267
two_year,267
press,267
nonetheless,266
bolster,266
pine,266
wiri,266
lightweight,266
hous,265
bordeaux_blend,265
gain,265
stainless_steel,265
add_interest,264
mayb,264
pale,264
dull,264
tonic,263
ether,263
softer,263
abov,263
odd,262
superb,262
unrip,261
graini_tannin,261
viscous,261
green_oliv,261
amaron,261
render,261
spright,260
partner,260
twist,258
burn,258
barnyard,258
marzipan,257
contain,257
afford,257
add_depth,257
equal_part,256
white_spring,256
whitefruit,256
presenc,256
made_100,256
celebr,255
waft,255
italian,255
special,255
riserva,255
compost,255
wo,254
french,254
brand,254
franc,253
stem,252
blackskin_fruit,252
year_cellar,252
chill,252
2014,252
oregon,252
woodland_berri,252
golden_delici,251
measur,251
ageabl,251
clone,251
grape_varieti,250
rioja,250
crème_brûlée,250
made_organ,249
sprinkl,249
reduc,249
reduct,249
lusti,249
surfac,249
terroir,249
sagebrush,248
good_price,248
barrel_ferment,248
orang_rind,247
nebbiolo,246
60,246
design,246
tarri,245
ideal,245
coastal,244
golden,244
drunk,244
loami,244
sheer,244
cantaloup,243
expans,243
trace,242
lemon_curd,242
beeswax,242
singl_vineyard,241
salad,240
sinc,240
appar,240
potpourri,239
tremend,239
château,239
six_year,239
center,238
fare,238
amaz,237
accentu,236
prosecco,236
flabbi,235
provid_support,235
stewi,235
comfort,234
absolut,234
speak,234
zingi,234
marri,234
wide,233
wrap_around,233
tobacco_leaf,233
life,233
state,233
blocki,233
achiev,233
announc,233
roast_meat,233
blend_50,232
day,232
longer,232
veer,231
cushion,231
cake_spice,231
away,230
envelop,229
stiff,229
bland,229
flinti,229
got,229
dr_pepper,228
variet_charact,228
cake,228
effect,228
10_year,228
influenc,228
could_use,228
steadi,227
consum,227
overpow,227
carignan,226
cleans,226
wash,226
common,226
ever,226
forest_berri,225
brioch,225
quiet,225
dazzl,225
atop,224
dimens,224
blend_70,224
buoyant,223
onc_sip,222
textbook,222
100_cabernet,222
terrif,222
hallmark,222
spirit,222
4–5,222
general,221
pickl,221
thread,220
still_develop,219
strength,219
compris,218
12,218
lick,218
proport,217
25,217
smith,217
exud,216
cru,216
grand_cru,216
garrigu,216
tame,216
buoy,215
popular,215
prick,215
wet,214
sumptuous,214
funk,214
oak_influenc,214
tini,214
villag,213
foami,213
russian_river,213
sing,213
date,213
anim,212
volatil,212
enliven,212
stuf,212
drink_2025,212
entrylevel,212
outstand,212
sizzl,211
warmer,211
kiss,211
malbec_petit,211
2006,210
cheer,210
bartlett_pear,210
key_lime,209
reach,209
2005,209
mask,209
exquisit,209
think,208
muscat,208
compot,208
mapl_syrup,208
stoni_miner,208
irresist,208
sizabl,208
muddl,208
difficult,208
echo,207
quaffabl,207
pinot_blanc,207
right_amount,207
50,206
graham_cracker,205
waft_glass,205
honest,205
move,205
sultri,205
yellow_flower,204
fantast,204
spot,204
sirah,203
local,203
barrelfer,203
flamboy,203
late_2017,203
secondari,202
chop_mint,202
breath,202
drier,202
sampl,201
bristl,200
melt,200
preced,200
sb,200
would_make,200
pink_color,200
meloni,200
wild_flower,199
blacken,199
drink_2024,199
chenin_blanc,197
generos,197
brut,197
grüner,197
sappi,197
longlast,197
toast_hazelnut,197
residu,197
subtleti,197
marmalad,196
2025,196
familiar,196
frothi,196
darkskin_berri,196
develop_bottl,196
care,196
notabl,195
consid,195
burgundi,195
press_appl,194
good_valu,194
effervesc,194
versatil,194
counter,194
amid,193
11,193
wateri,193
2022,193
joy,193
pencil_shave,193
lactic,193
snap,192
next_six,192
low_alcohol,192
anyth,192
moist_earth,192
seafood,191
compar,191
memor,191
choic,191
chamomil,191
lilac,191
sit,191
peak,190
awkward,190
river,190
challeng,190
lie,189
kirsch,189
actual,189
granni,189
dose,188
honeycomb,188
overdon,188
sound,188
pulpi,187
itali,187
meali,187
even_better,187
mineraldriven,187
spritz,186
nettl,186
asparagus,186
sear,185
ava,185
drink_now–2018,185
lean_toward,185
spent,185
dark_brood,185
80,184
stuff,184
pasta,184
albariño,183
north,183
anchor,183
sometim,183
temper,183
amidst,183
alongsid_brace,183
granit,183
mouthcoat,183
walnut,183
new_world,182
pinot_nero,182
cool_vintag,182
give_extra,182
ca_nt,182
blend_80,182
late,181
weedi,181
resembl,180
pine_needl,180
evok,180
neutral_oak,180
gravel,180
highacid,179
spring_flower,179
moder_long,179
class,179
citrus_rind,179
prior,179
lift_glass,178
energet,178
meal,178
alicant_bouschet,178
2–3_year,178
5–6,178
expens,178
time_cellar,177
framework,177
drink_now–2025,177
sweeter,177
cherri_liqueur,176
sipper,176
crack_pepper,176
cover,176
pour,176
uncompl,176
spectrum,176
seri,175
immedi_attract,175
cours,175
size,175
lineup,175
appropri,175
delicaci,175
counti,175
14,175
iri,175
chang,175
lime_juic,175
moscato,175
squeez,175
vinho_verd,175
closegrain_tannin,174
morello_cherri,174
shellfish,174
vivaci,174
clove_cinnamon,174
hibiscus,174
chabli,173
hefti,173
gold_color,173
broaden,173
cherryberri,173
vermentino,172
pie_fill,172
till_earth,172
spring,172
explod,171
word,171
yes,171
grate,171
elabor,171
sign,171
volum,170
brown,170
lemon_rind,170
underst,170
strang,170
stick,170
sawdust,170
hollow,170
without_much,170
fit,170
distinguish,170
fieri,169
flush,169
work_well,169
redplum,169
lose,169
raisin_prune,169
companion,168
pervad,168
fresher,168
small_amount,168
spanish_broom,168
fore,168
wet_earth,167
spearmint,167
jumpi,167
fish,167
signatur,167
possess,167
brown_spice,167
grenach_blanc,167
oakdriven_spice,166
nectarin_zest,166
paso_robl,166
heavili,166
cinsault,166
sangioves_10,166
coupl_year,166
worth_age,166
lover,166
underpin,166
coffe_bean,165
alongsid_assert,165
bake_bread,165
confirm,165
fill_mouth,165
vineyard_site,164
ager,164
muski,164
mediumsweet,164
curious,164
harvest,164
coffe_ground,164
unoak,163
semisweet,163
owner,163
veer_toward,163
abras,163
super,163
butter_popcorn,163
brighten_crisp,162
eas,162
turn_earth,162
teas,162
alreadi_delici,162
mapl,162
flash,162
normal,162
sanguin,162
stew_plum,162
pucker,161
spri,161
iodin,161
popcorn,161
wealth,160
indian_spice,160
organ,160
kept,160
subt,160
ripen,160
yellow_stone,159
world,159
impact,159
bur,159
saffron,159
lightfoot,159
persimmon,159
dynam,159
celeri,159
pale_color,159
drink_now–2015,159
front_center,158
year_two,158
four,158
best_buy,158
expand,158
tarragon,158
promis_age,157
know,157
cigar,157
distract,157
oldvin,157
sustain,157
masculin,157
bittersweet_chocol,157
bread_crust,157
quaffer,156
cold,156
chop,156
ranch,156
muscl,156
longterm_age,156
develop_next,156
hickori,155
case_produc,155
fizz,155
incens,155
spritzi,155
hedonist,155
drink_now–2016,155
oakdriven,154
readytodrink,154
acacia,154
marshmallow,154
alongsid_finegrain,154
chile,154
tannic_grip,154
dosag,154
vibranc,154
dri_creek,154
everi,154
alongsid_velveti,153
loam,153
wellpric,153
pizza,153
tangerin_zest,153
fudg,153
signal,153
almond_past,153
tempt,152
farm,152
35,152
hue,152
chicken,152
wellstructur,152
custard,152
tingl,152
beaujolai,152
charcoal,152
soda,152
marasca,152
sulfur,152
greenappl,152
tree,152
perlag,152
aris,151
disappoint,151
fashion,151
liqueur,151
carnero,151
drink_2014,151
murki,151
sweeten,150
flow,150
golden_color,150
impecc_balanc,150
bing_cherri,150
cava,150
come_around,149
pineappl_mango,149
woodsi,149
lighter_style,149
zing,149
tire,149
plastic,149
likabl,149
golden_appl,148
bread,148
onto,148
spray,148
adequ,148
pinot_bianco,147
campfir,147
peach_nectarin,147
barbaresco,147
whisper,147
kabinett,147
70,147
beef_jerki,147
velvet,147
southern,147
relat_light,147
field_blend,147
famous,147
mélang,146
grapey,146
worth,146
marsann,146
powder_sage,146
monastrel,146
graini,146
press_violet,145
di,145
chianti_classico,145
left,145
take_lead,145
score,145
cooler,145
fabul,145
countri,144
crisper,144
vintner,144
older,144
resolv,144
corn,144
number,144
parcel,144
tree_bark,144
excess,143
appl_cider,143
blackskin_berri,143
cocoa_powder,143
vine_plant,143
confect,143
oakbas,142
project,142
soupi,142
noir,142
fold,142
take_time,142
three_year,141
share,141
northern_itali,141
histor,141
entic_scent,141
substanc,141
attent,141
lemon_blossom,141
shave,141
syrah_grenach,141
calm,141
wildflow,141
exact,140
18,140
damp,140
13,140
four_year,140
parti,140
verdejo,140
intric,140
american_oak,140
unwind,140
feminin,140
ash,139
citrus_pith,139
18_month,139
clariti,139
peach_pit,139
fierc,139
overlay,139
held,139
sugari_sweet,139
likeabl,139
allow_age,139
bounci,139
bubblegum,139
earthier,139
favor,138
around_edg,138
tire_rubber,138
16,138
handl,138
straight,138
sicili,137
reson,137
loud,137
tuscani,137
struggl,137
phenol,137
resini_oak,137
rind,136
predomin,136
green_bean,136
mossi,136
rhône,136
good_thing,136
anjou_pear,136
market,136
lemon_juic,136
primitivo,136
sport,136
fanci,136
utter,136
montepulciano,136
eye,136
averag,135
truli,135
ahead,135
lamb,135
confectionari_note,135
espresso_bean,134
check,134
3–4_year,134
beefi,134
sweati,134
inde,134
even_though,133
montalcino,133
prune_raisin,133
flood,133
soapi,133
expert,133
umami,133
signific,133
powder,133
orang_marmalad,133
pork,133
acacia_flower,132
brandi,132
cranberri_pomegran,132
standout,132
hang,132
higher,132
premier_cru,132
shock,132
evolut,132
walla_walla,132
rum_cake,131
five,131
demand,131
later,131
interpret,131
10_merlot,131
undeni,131
right_front,131
grill_sage,131
feral,131
deeper,131
bordeaux_varieti,130
piquant,130
floweri,130
foundat,130
foam,130
unbalanc,130
aliv,130
crush_rock,130
abrupt,130
need_soften,130
medium_fullbodi,130
mesh,130
dainti,130
water,130
develop_quick,130
locat,130
ferment_age,130
lime_peel,129
crème_de,129
inexpens,129
foxi,129
grape_sourc,129
burger,129
studi,129
pedigre,129
great_valu,129
portug,129
road,129
acr,129
grand,129
lime_pith,129
burgundian,128
brine,128
said,128
succeed,128
5050_blend,128
meld_togeth,128
pinot_meunier,128
central_coast,128
weav,128
win,128
flood_mouth,128
rocki,127
enrich,127
alpin_herb,127
transit,127
cap,127
drink_2018–2028,127
sooth,127
theme,127
complic,127
olallieberri,126
lanolin,126
almond_skin,126
leav_astring,126
wind,126
food_friend,126
cedari,126
raspberri_compot,126
freshen,125
describ,125
gingerbread,125
provenc,125
nervous,125
fair_price,125
tomato_vine,125
pith,125
showi,125
last_long,124
former,124
bulki,124
ampl_weight,124
tight_knit,124
requir,124
immedi_appeal,124
press_rose,124
glide,124
mandarin_orang,123
south,123
alli,123
roast_almond,123
root,123
pleasant_bitter,123
liveli,123
grapefruit_pith,123
spätlese,123
increas,123
elus,123
infus,123
posit,123
veri_drinkabl,123
small_percentag,123
2021,123
rise_glass,123
type,122
jag,122
grape_grown,122
fragrant_blue,122
oil,122
yellow_rose,122
prime,122
explor,122
domain,122
clumsi,122
greater,122
salmon,122
willamett_valley,122
deep_color,121
dot,121
dinner,121
smoke_bacon,121
pure_express,121
welldefin,121
thus,121
tantal,121
american,121
bomb,121
counterpoint,121
alvarinho,121
powderi,120
take_shape,120
vineyard_plant,120
pineappl_jam,120
spine,120
foresti,120
best_2020,120
deepli_concentr,120
green_banana,120
hold_back,120
blow,120
previous_vintag,120
list,120
recent,120
melon_rind,120
slick,120
team,120
impecc,120
cocktail,120
wide_avail,119
rather_later,119
unlik,119
signal_close,119
barrel_influenc,119
drink_2018–2025,119
oregon_pinot,118
malvasia,118
alentejo,118
night,118
sonoma_coast,118
moder_tannic,118
cheesi,118
lost,118
bad,118
convinc,118
easi_find,118
slope,118
lodi,118
savor,118
weak,117
petal,117
pioneer,117
emphasi,117
boister,117
made_drunk,117
leafi_underbrush,117
demonstr,117
crush_violet,117
rosso,117
blend_touriga,117
like_mani,117
feed,116
zealand,116
flourish,116
show_sign,116
express_varieti,116
meant,116
head,116
clay,116
breadi,116
right_away,116
fullflavor,116
fleet_tannin,116
coupl,116
tropicalfruit,116
six_month,115
categori,115
cotton_candi,115
mild_bitter,115
petit,115
reedi,115
emerg_glass,115
blush,115
neutral_french,115
vigor,115
smallproduct,115
hide,115
tartar,115
grill_steak,115
aciddriven,115
correct,115
good_everyday,114
essenti,114
effortless,114
tuscan,114
sancerr,114
bargain,114
specif,114
syrah_mourvèdr,114
late_2016,114
glimps,114
oakag,113
generat,113
camphor,113
jump_glass,113
shimmer,113
drink_now–2017,113
bacon_fat,113
buttercream,112
ultrarip,112
compet,112
warmth_alcohol,112
rendit,112
break,112
greet_nose,112
princip,112
grown_grape,112
le,111
manner,111
northern,111
bark,111
juxtapos,111
blend_85,111
wet_cement,111
2004,111
22,111
toast_coconut,111
undercurr,111
rose_violet,111
money,111
plum_cake,111
chilean,111
ferment_stainless,111
border,111
pass,110
drink_sooner,110
reverber,110
tend,110
cucumb,110
beguil,110
step,110
metal,110
energ_miner,110
75,110
alreadi_access,110
whi,110
sinewi,109
admir,109
suprem,109
ausles,109
unabash,109
10_petit,109
ooz,109
us,109
modern_style,109
cassi_liqueur,109
key,109
readi_enjoy,108
rather_lean,108
finest,108
first_sip,108
effus,108
clampi,108
cling,108
electr,108
05,108
distant,108
valpolicella,108
zip,108
southern_itali,108
central_itali,108
breath_time,108
justrip,108
moreish,108
valuepr,107
leaner,107
thorough,107
bosc_pear,107
segu,107
spunki,107
25_cabernet,107
sicilian,107
neither,107
heavili_oak,106
vineyard_design,106
captur_remain,106
long_mouthwat,106
freshcut,106
superior,106
uplift,106
jolt,106
cracker,106
crowdpleas,106
rubi_color,106
damson,106
roast_chicken,105
fring,105
bring_togeth,105
alcohol_level,105
mediumlength_finish,105
blend_90,105
get_better,105
either,104
stay_power,104
decid,104
2023,104
staunch,104
06,104
frank,104
detract,104
territori,104
evoc,104
33,104
roast_beef,103
endur,103
act,103
risotto,103
ridg,103
appreci,103
mixtur,103
17,103
situat,103
bakingspic,103
santa_barbara,103
rim,103
picnic,103
bergamot,103
barrel_select,103
aglianico,103
unfold_glass,103
tomatoey,102
darkberri,102
sexi,102
wellcraft,102
6–8_year,102
sweettart,102
anisett,102
apart,102
latex,102
50_new,102
dollop,102
blanc_de,102
woven,102
wall,102
french_american,102
roast_nut,102
akin,102
pyrazin,102
ring,101
st,101
12_month,101
fleet,101
spectacular,101
spanish,101
land,101
captiv,101
3–5,101
great_potenti,101
blend_75,101
ham,100
stout,100
puls,100
biodynam,100
keep_thing,100
mandarin,100
vanilla_custard,100
hold_togeth,100
set_stage,100
wet_slate,100
favorit,100
laden,100
inher,100
save,100
violet_rose,100
strawberri_jam,100
horsey,100
quaff,100
2024,100
flagship,99
judici,99
torronté,99
stellar,99
burnt_toast,99
dolcetto,99
gold,99
grit,99
bigger,99
tannic_bite,99
licoric_root,99
hope,99
chisel,99
toro,99
dão,99
—sh,99
punctuat,98
tell,98
cinnamon_nutmeg,98
tender,98
thrill,98
icon,98
group,98
winner,98
seven_hill,98
crusti,98
vineyard_sourc,98
chanc,98
spin,98
beet,98
grab,98
light_feet,98
crust,98
alongsid_backbon,98
coax,98
lemon_pith,97
char_wood,97
intensifi,97
struck_flint,97
minut,97
next_sever,97
beli,97
probabl_best,97
basil,97
rhônestyl_blend,97
arinto,97
via,97
bigbon,97
coast,97
slice_appl,97
creami_mouss,97
passionfruit,97
tannic_backbon,96
eventu,96
ripasso,96
strain,96
drink_2020–2030,96
cahor,96
aerat,96
jumbl,96
blanket,96
spread,96
jalapeño,96
bluefruit,96
green_peppercorn,96
whiff_game,96
case_made,95
good_exampl,95
year_old,95
20_new,95
blockbust,95
marjoram,95
variet_correct,95
abil,95
judg,95
40_new,95
ocean,95
soy_sauc,95
sonoma_counti,95
powerhous,95
stretch,95
brighter,95
leftov,95
buri,95
oyster,95
30_new,95
profound,95
deserv,95
brick,95
etch,95
crowd,94
glaze,94
cost,94
fulli_develop,94
energ,94
without_ani,94
blend_five,94
introduct,94
glorious,94
zweigelt,94
anderson_valley,94
central,94
26,94
amplifi,94
problem,94
chemic,94
outsid,94
engag,94
kumquat,94
hover,94
20_merlot,94
tawni,94
carri_onto,94
fluid,94
pile,93
somehow,93
instant,93
albeit,93
clip,93
fine_exampl,93
unoak_chardonnay,93
rutherford,93
flair,93
age_lee,93
dasti,93
respect,92
disjoint,92
longtim,92
90,92
san,92
trebbiano,92
pair_grill,92
partial,92
straw,92
prefer,92
unexpect,92
treat,92
edna_valley,92
flinti_miner,92
stew_prune,92
decor,92
gamay,92
nativ_grape,92
rounder,92
relax,92
refer,92
mango_pineappl,91
field,91
friulano,91
today,91
practic,91
radiant,91
quinta,91
spain,91
grape_skin,91
singl,91
order,91
next_month,91
singlevineyard_bottl,91
smaller_amount,90
track_record,90
chocol_fudg,90
peek,90
old_world,90
oldest,90
viura,90
best_2018,90
sausag,90
squeez_lemon,90
lasagna,90
need_sever,90
simultan,90
portlik,90
nonvintag,90
retic,90
pollen,89
knit_togeth,89
superrich,89
crystallin,89
chenin,89
matur_blackskin,89
good_decant,89
lay,89
blackpepp,89
greenfruit,89
grapefruit_peel,89
extraordinari,89
avail,89
magnific,89
young_stage,89
portion,89
grain,89
eventu_reveal,89
upright,89
coars,89
exceed,88
pushi,88
cool_climat,88
lurk,88
dinner_tabl,88
19,88
age_3–4,88
cherri_marin,88
viscos,88
mirabell_plum,88
pull_togeth,88
lateharvest,88
interplay,88
fullfruit,88
although_better,88
grapefruit_zest,88
minim,88
enter,88
greet,88
steep,87
pinotag,87
alexand_valley,87
24,87
gala_appl,87
creek,87
super_tuscan,87
sassafra,87
palateco,87
eight_year,87
follow_suit,87
matchstick,87
young_vine,87
mulchi,87
float_glass,87
floral_fragranc,87
chaparr,87
scream,87
underlin,87
blueberri_pie,87
mind,87
lock,87
next_decad,87
vinifi,87
insid,87
bit_flat,86
darkskin_fruit,86
disclos,86
brush,86
mass,86
natur_rubber,86
persist_bubbl,86
portfolio,86
fruitier,86
everyon,86
moder_alcohol,86
airi,86
oregano_thyme,86
tank,86
appli,86
themselv,86
babi,86
sweettast,86
oakvill,86
mountain_vineyard,86
nerello_mascales,85
poach_pear,85
decept,85
age_2–3,85
wild_mushroom,85
could_develop,85
fine_apéritif,85
95,85
mediterranean,85
embrac,85
trail,85
issu,85
nativ,85
altern,85
muscadet,85
toast_bread,85
happi,85
wait_2018,85
recommend,85
smoke_nut,84
tight_woven,84
wax,84
upon,84
drink_2030,84
ciel_du,84
question,84
adorn,84
enjoy_2020,84
christma_spice,84
revit,84
highend,84
fuller,84
residu_sweet,84
lettuc,84
ice,84
meat_dish,84
reliabl,84
bittersweet,84
sunbak_earth,84
medley,84
worthi,84
unit,84
bar,84
might_expect,83
ensur,83
thorough_dri,83
cooki,83
tighten,83
reservelevel,83
master,83
finegrain,83
smoki_sandalwood,83
fast,83
pure_variet,83
appl_flesh,83
condens,83
candi_ginger,83
modest_alcohol,83
rough_edg,83
fulli_integr,83
shoe_polish,83
lake_counti,83
first_sniff,83
stop,83
firmer,83
cooper,82
blood_orang,82
doubt,82
smash,82
teriyaki,82
lemon_custard,82
face,82
breezi,82
23,82
beer,82
beef_char,82
mere,82
elderflow,82
associ,82
chateau,82
45,82
rate,82
mediumterm_age,82
add_extra,82
permeat,82
fail,82
authent,81
grenach_mourvèdr,81
must,81
compens,81
howel_mountain,81
liquor,81
freshest,81
youth_assert,81
nobl,81
curri,81
vast,81
malolact_ferment,81
pale_pink,81
load_finess,81
process,81
solid_chunki,81
regist,80
return,80
tomato_sauc,80
continu_improv,80
cleancut,80
paso,80
grüner_veltlin,80
hot_alcohol,80
stillyoung,80
creep,80
spark,80
everi_way,80
sea,80
casual,80
cideri,80
sublim,80
moscatel,80
time_glass,80
west,80
quintessenti,80
lemon_verbena,80
ancient,80
fame,80
saddl_leather,80
chianti,80
char_meat,80
gravenstein_appl,80
heavier,79
throw,79
content,79
2030,79
shell,79
slight_oxid,79
85,79
biscuit,79
watch,79
huckleberri,79
apricot_jam,79
rein,79
blaufränkisch,79
district,78
imagin,78
soul,78
pulp,78
box,78
suit,78
melon_papaya,78
proportion,78
blend_55,78
immedi_drinkabl,78
bubbl_gum,78
ripest,78
rosewat,78
portugues,78
reinforc,78
obscur,78
canyon,78
beg,78
argentina,78
wear,77
seen,77
bit_rough,77
grower,77
porti,77
demur,77
crush_slate,77
taken,77
imprint,77
mysteri,77
third,77
sherri,77
hold_onto,77
blueberri_jam,77
whiff_barnyard,77
rubycolor,77
genuin,77
combo,77
rule,77
fizzi,77
augment,77
dole,77
atyp,76
perform,76
36,76
sagrantino,76
smack,76
island,76
roast_pork,76
dust_cocoa,76
translat,76
gradual,76
edit,76
warmclim,76
plumskin,76
detect,76
lemon_oil,76
give_shape,76
purpl_color,76
assort,76
bone,75
piefil,75
fullthrottl,75
nevertheless,75
gewurztramin,75
sonoma,75
unfurl,75
cider,75
late_harvest,75
immacul,75
aim,75
held_togeth,75
need_least,75
fair_amount,75
inki_dark,75
peopl,75
gaseous,75
corner,75
sheen,75
past_vintag,75
intermingl,74
remind,74
slow,74
come_mind,74
verg,74
organ_grown,74
prove_quit,74
pleas_sens,74
light_spritzi,74
lightest,74
rosato,74
fortifi,74
unfocus,74
marlborough,74
flatter,74
especi_price,74
made_80,74
mendocino,74
good_choic,74
28,74
mar,74
best_2019,74
pump,74
drawn,74
drink_2018–2030,74
sun,74
del,74
go_anywher,74
execut,74
yellowfruit,73
mesquit,73
made_modern,73
gl_residu,73
classic_variet,73
allur_scent,73
prepar,73
golden_mango,73
went,73
heat_alcohol,73
sunshin,73
hickori_smoke,73
hot_vintag,73
monster,73
entertain,73
mirabell,73
whole_lot,73
spike,73
hous_style,73
sculpt,73
support_role,73
made_nativ,73
cab_sauvignon,73
steeli_edg,73
six,72
vie,72
culmin,72
role,72
seam,72
australian,72
briari_brambl,72
gather,72
pasta_dish,72
2007_vintag,72
taster,72
easytodrink,72
great_apéritif,72
factor,72
châteauneufdupap,72
blend_45,72
patienc,72
deriv,72
pithi_bitter,72
abv,72
individu,72
beneath,72
cashew,72
pictur,72
mustard,72
compani,72
lemon_meringu,72
loir,72
enjoy_2018,72
stainlesssteel_ferment,71
grillo,71
pliant,71
suffici,71
express_nebbiolo,71
merg,71
still_retain,71
percentag,71
garden_herb,71
indigen,71
various,71
gardenia,71
preserv_lemon,71
drink_2026,71
attribut,71
walk,71
smother,71
awesom,71
les,71
napa_cabernet,71
famili_estat,71
31,71
balsam_herb,71
alert,71
maximum,71
confid,71
limeston,71
immatur,71
seed,71
epitom,71
perki,71
whole_cluster,71
granit_soil,71
4–6,71
better_known,71
lowalcohol,71
immedi_access,70
grill_beef,70
poultri,70
two_three,70
berrycherri,70
lighten,70
nod,70
goat_chees,70
made_use,70
blend_65,70
weigh,70
brought,70
depend,70
keen,70
would_benefit,70
none,70
high_level,70
compromis,70
satini,70
plain,70
pommard,70
scouri,70
32,70
wait_2017,70
bounti,69
deni,69
first_releas,69
sangioves_20,69
miner_vein,69
fine_ground,69
peppermint,69
lime_kiwi,69
marvel,69
clove_nutmeg,69
figur,69
magic,69
pillowi,69
solid_effort,69
mencía,69
rubi,69
attack,69
wide_rang,69
long_life,69
least_five,69
rhône_blend,69
slightest,69
breadth,69
mace,69
set_tone,69
built_age,69
lemonad,69
abl,69
lilt,69
brother,68
charg,68
char_beef,68
graciano,68
rippl,68
much_better,68
offput,68
equal_measur,68
cola_sandalwood,68
splendid,68
yakima_valley,68
youth_auster,68
macer,68
seek,68
fortun,68
santa_lucia,68
anyon,68
counois,68
clover,68
zinfandel_petit,68
overoak,68
atlas_peak,68
drinker,68
scorch_soil,68
beaun,68
avoid,68
send,68
stark,68
moist_soil,68
2011_vintag,68
california_chardonnay,67
reli,67
set_scene,67
great_swath,67
construct,67
10_syrah,67
conjur,67
tight_coil,67
barrelag,67
mediterranean_brush,67
moss,67
coffe_grind,67
perfect_pair,67
greenlean,67
chalk_soil,67
columbia_valley,67
bullish,67
longev,67
overrid,67
30_syrah,67
mushroomi,67
inspir,67
deepli_color,67
restaur,67
lemberg,67
pine_forest,67
alsac,67
endless,67
lime_rind,66
apricot_mango,66
thought,66
rib,66
medium_length,66
greenherb,66
orangepeel,66
côte_des,66
reserva,66
happili,66
produc_organ,66
sierra_foothil,66
coat_mouth,66
anim_hide,66
bandaid,66
intern,66
rust,66
thirstquench,66
develop_slowli,66
raspi_tannin,66
organ_farm,66
fynbo,66
30_merlot,65
onethird,65
drink_2018–2023,65
littl_rough,65
spoil,65
accept,65
cement,65
exampl_varieti,65
dure,65
intox,65
percent,65
intertwin,65
alreadi_approach,65
reason_price,65
rank,65
gigant,65
thick_extract,65
befit,65
paint,65
mouthpuck,65
shear,65
fullforc,65
cross,65
climat,65
drink_2017–2022,65
2026,65
next_2–3,65
toast_walnut,65
hard_resist,65
charcuteri,65
powder_sugar,65
dijon_clone,65
rose_water,65
heat_evid,65
vagu,65
puckeri,65
tinta_roriz,65
15_merlot,64
wisp,64
made_90,64
condit,64
blossomi,64
helena,64
provid_backbon,64
tighter,64
cofer,64
ribolla_gialla,64
piedmont,64
larger,64
drink_2017–2025,64
liven,64
07,64
fernão,64
hardedg,64
squar,64
separ,64
42,64
matur_darkskin,64
buy,64
earl_grey,64
hamburg,64
onethird_new,64
sunkiss,64
sangioves_merlot,64
least_six,64
highland,64
endnot,64
whitepeach,64
float,64
met,64
garnet_color,64
poke,63
converg,63
gain_complex,63
talc_powder,63
winter,63
jasmin_honeysuckl,63
altogeth,63
yogurt,63
collect,63
slight_oili,63
tough_gritti,63
slightest_hint,63
cumin,63
suav,63
spring_blossom,63
lower,63
crianza,63
overshadow,63
great_exampl,63
tier,63
given_time,63
press_flower,63
acacia_honey,63
offdri_style,63
40_merlot,63
east,63
santa_ynez,63
heighten,63
ordinari,63
04,63
rip,63
mouth_water,63
vari,63
biggest,63
finger_lake,63
complet_pictur,62
better_2018,62
15_petit,62
nacion,62
pack_punch,62
barbecu_sauc,62
transpar,62
mash,62
cheval,62
vinegar,62
thrown,62
would_work,62
priorat,62
disappear,62
talcum_powder,62
nougat,62
conclud,62
come_fore,62
25_merlot,62
eastern,62
ruddi,62
tast_twice,62
squeez_lime,62
bound,62
reput,62
tight_nervi,62
felin,62
redappl,62
nectar,62
wellround,62
whiff_menthol,62
orang_mango,62
alicant,61
2003,61
year_ago,61
next_five,61
wound,61
hidden,61
char_earth,61
clementin,61
multipl,61
tini_bit,61
stori,61
slowli_emerg,61
pea,61
smoke_beef,61
latest,61
wayward,61
sushi,61
australia,61
need_food,61
artifici,61
citi,61
ponder,61
brown_butter,61
version_varieti,61
scallion,61
oldfashion,61
pie_crust,61
wet_clay,61
highoctan,61
end_2016,61
high_proport,61
evid_alcohol,61
burst_glass,61
balsam_wood,61
monterey,61
cradl,61
brittl,61
made_70,61
sangioves_15,61
section,60
hot_summer,60
road_tar,60
heat_vintag,60
uncommon,60
meat_juic,60
soav,60
opaqu,60
wood_grain,60
veil,60
courtesi,60
cellar_floor,60
option,60
previous,60
lighter_side,60
puré,60
2010_vintag,60
pomegran_cranberri,60
glycerin,60
german,60
veneer,60
neighbor,60
cloud,60
applesauc,60
bounc,60
sweat,60
duck,60
extraordinarili,60
pineappl_guava,60
9193,60
folk,59
drink_now–2019,59
dirt,59
drink_now–2014,59
sensuous,59
consult,59
sarsaparilla,59
leap_glass,59
prosecco_superior,59
laid_across,59
end_2015,59
cloak,59
37,59
sourcherri,59
benchmark,59
svelt,59
lead_pencil,59
william,59
wow,59
cherri_cough,59
candl_wax,59
one_dimension,59
lime_leaf,59
medicin_cabinet,59
darkcolor,59
hard_find,59
next_6–8,59
tast_bud,59
monoton,59
slight_chill,59
seven,59
led,59
fire,59
soak,59
rusti,59
anise,59
upscal,59
new_releas,59
pit,59
shower,58
peanut,58
verdelho,58
porcini_mushroom,58
drink_window,58
good_job,58
least_four,58
rather_fleet,58
lunch,58
dryfarm,58
prop,58
sensual,58
awash,58
canaiolo,58
semidri_riesl,58
2009_vintag,58
forefront,58
time_fulli,58
confus,58
overlook,58
shrimp,58
indian,58
tangerin_peel,58
chocolatecov_cherri,58
broader,58
alcohol_high,58
half_new,58
continu_develop,58
histori,58
lead_onto,58
5–10,58
gummi,58
trio,58
past_prime,58
deliveri,58
39,58
occas,58
brimston,57
whether,57
bruiser,57
saw,57
borderlin,57
price_rang,57
unpleas,57
dryish,57
oak_cask,57
vanilla_cooki,57
weird,57
testament,57
concret,57
clairett,57
wood_resin,57
age_month,57
afford_price,57
de_reim,57
buttress,57
came,57
mouth_thank,57
nacido,57
confer_pear,57
pepper_bridg,57
cigarbox,57
pound,57
citrusdriven,57
somewher,57
fade_quick,57
bordeaux_grape,57
weight_densiti,57
tend_toward,57
classic_bordeaux,57
sassi,57
next_two,57
mediumlong_finish,57
propel,57
pruney,57
southern_oregon,57
need_month,57
path,57
quaf,57
cinnamon_stick,57
ambiti,57
unyield,57
momentum,57
whiteflow,57
made_popular,57
substant,57
recogn,57
raspi,57
white_rock,57
prevail,56
discern,56
southern_rhône,56
italian_white,56
northeast_itali,56
arugula,56
carbon,56
mighti,56
relat_quick,56
town,56
20_grenach,56
mushi,56
strawberri_preserv,56
autumn,56
room,56
simplic,56
montagn,56
marlborough_sauvignon,56
appeal_fan,56
true_varieti,56
castelão,56
bien,56
margaux,56
cocktail_sipper,56
though_label,56
spiki,56
determin,56
skin_contact,56
semillon,56
gravelli,56
decant_hour,56
virtual,56
wet_rock,56
lurk_background,56
négociant,56
greenplum,56
addit_time,56
chip,56
fare_like,56
shown,56
keep_interest,56
9092,56
account,55
long_hangtim,55
feet,55
befor_releas,55
wintergreen,55
unleash,55
30_grenach,55
glimmer,55
melt_butter,55
unveil,55
highest,55
bit_shi,55
slowli_reveal,55
cellar_2020,55
20_syrah,55
blood,55
violet_lavend,55
giant,55
daughter,55
fade_away,55
terribl,55
okay,55
pert,55
vineyard_locat,55
grill_pineappl,55
overbear,55
proven,55
steal,55
15_month,55
jump,55
bowl,55
better_2017,55
orang_oil,55
bundl,55
medium_term,55
chines,55
verdicchio,55
austrian,55
vertic,55
forestfloor,55
toast_brioch,54
spare,54
gum,54
drizzl,54
food_pair,54
opposit,54
midway,54
underbelli,54
soar,54
granular,54
lighter_color,54
34,54
santa_maria,54
plus_side,54
2014_vintag,54
smaller,54
exemplari,54
il,54
dip,54
agil,54
servic,54
volumin,54
rose_hip,54
leather_truffl,54
fleck,54
persist_perlag,54
enjoy_2019,54
beach,54
tramin,54
intent,54
benefit_time,54
duero,54
maraschino_cherri,54
happen,54
bordeauxstyl,54
gris,54
fuel,54
unfilt,54
downright,54
orang_jam,54
purchas,54
fault,54
29,54
primarili,53
steam,53
richest,53
legendari,53
foothil,53
hour,53
degre,53
stunner,53
annot,53
meursault,53
20_month,53
lake,53
live_mouss,53
difficult_vintag,53
aperitif,53
anoth_month,53
repris,53
alon,53
stimul,53
local_grape,53
garden,53
100_cab,53
ampli,53
specialist,53
price_point,53
max,53
wet_soil,53
1–2,53
inaugur_releas,53
typic_vintag,53
context,53
proud,53
sail,53
establish,53
identifi,53
rosepet,53
david,53
deep_purpl,53
40_grenach,53
sunripen,53
pinkgrapefruit,53
liquid,53
nofril,53
semisweet_riesl,53
spanish_cedar,53
9294,53
better_2016,52
quinin,52
virtu,52
heritag,52
velvet_textur,52
histor_vineyard,52
long_haul,52
cola_root,52
singlevineyard_pinot,52
drink_now–2022,52
cast,52
almost_point,52
ebulli,52
sit_atop,52
bay,52
cabernet_sauvignonbas,52
44,52
drink_2018–2024,52
weightless,52
pauillac,52
2012_vintag,52
beef_stew,52
son,52
view,52
pasti,52
latter,52
make_major,52
appleskin,52
glass_stopper,52
held_back,52
castl,52
alcohol_heat,52
laci,52
nail,52
best_2022,52
ribera_del,52
sharper,52
barriqu,52
rhônestyl,52
direct_appeal,52
potato,52
yummi,52
tangerin_skin,52
ventur,52
40_syrah,52
fri,52
revel,52
lightheart,52
regular_bottl,51
eccentr,51
thyme_bay,51
alongsid_closegrain,51
meringu,51
41,51
near_term,51
versatil_food,51
denser,51
never_lose,51
drink_2018–2026,51
onion,51
interwoven,51
barossa,51
undertow,51
oakderiv,51
almostsweet,51
mediterranean_scrub,51
greatest,51
indigen_grape,51
piec,51
pair_food,51
wholeclust_ferment,51
gone,51
anoth_sip,51
drink_now–2012,51
end_2014,51
plush_velveti,51
ground_clove,51
understand,51
pale_salmon,51
minor,51
beat,51
welloak,51
extravag,51
sensibl,51
5–7,51
autolyt,51
sea_breez,51
seduc,51
also_notic,51
thyme_oregano,51
nofuss,51
classic_napa,51
petaluma_gap,51
feel_wide,51
nondescript,51
astonish,51
least_2020,51
vie_attent,51
foot,50
like_improv,50
rhubarb_cranberri,50
cohes,50
wildberri,50
brash,50
meander,50
second_vintag,50
caramel_butterscotch,50
gran_reserva,50
drink_2027,50
14_month,50
red_willow,50
dust_cinnamon,50
incorpor,50
09,50
saintémilion,50
gewürz,50
anywher,50
mingl_glass,50
55,50
smoke_ham,50
crush_granit,50
colorino,50
10_month,50
10_mourvèdr,50
côte_de,50
western,50
autolysi,50
seven_year,50
imposs,50
press_yellow,50
made_85,50
scratch,50
smaller_percentag,50
small_parcel,50
cinnamonspic,50
unfortun,50
2002,50
cloudi,50
sweetandsour,50
—jc,50
jacket,50
guid,50
honeysuckl_jasmin,49
offer_wealth,49
afternoon,49
dissip,49
mount_veeder,49
oodl,49
65,49
discov,49
without_heavi,49
asid,49
hill_vineyard,49
violet_iri,49
could_benefit,49
apéritif_style,49
crack,49
make_ideal,49
2005_vintag,49
frontload,49
etna,49
clos,49
chocolatecov,49
keep_everyth,49
38,49
guarante,49
fruitcak,49
lobster,49
sweetsmel,49
mont,49
hour_decant,49
debut,49
wide_varieti,49
tuberos,49
mile,49
heap,49
butter_cinnamon,49
brawn,49
concord_grape,49
watermelon_strawberri,49
stillwat_creek,49
enjoy_2021,49
crispli_defin,49
salmon_color,49
first_take,49
bumpi,49
pliabl,49
wellmanag,49
hillsid,49
capabl,49
tuna,49
blend_four,49
delin,49
littleknown,49
john,49
doughi,49
flavorwis,49
appear_first,49
oldest_vine,49
bath_soap,49
provid_intrigu,48
darkchocol,48
diesel,48
swallow,48
caramel_sugar,48
neat,48
tapenad,48
next_coupl,48
crack_black,48
dress,48
soav_classico,48
purest,48
sorbet,48
bed,48
ciliegiolo,48
chip_slate,48
heavyweight,48
fatti,48
smoother,48
relat_high,48
stylist,48
meat_chees,48
freesia,48
spinetingl,48
pull_back,48
total_refresh,48
klipsun,48
clacki,48
25_new,48
arroyo,48
puglia,48
hit_right,48
impenetr,48
appley,48
strawberri_watermelon,48
brut_natur,48
yet_retain,48
shadow,48
farm_grape,48
fine_grain,48
accord,48
pungenc,48
henc,48
fullon,48
everyday_fare,48
pinpoint,48
creamytextur,48
tail,48
rosso_di,48
split,48
oak_knoll,48
meanwhil,48
terrif_valu,48
handsom,48
napa_cab,48
wake,48
scallop,48
kalamata_oliv,48
anniversari,48
drink_2017–2027,48
stack,48
grill_porcini,48
spell,48
whiff_cake,47
almond_blossom,47
bread_dough,47
made_60,47
belong,47
year_unwind,47
bonarda,47
fullerbodi,47
get_job,47
sight,47
el,47
blowsi,47
2016–2021,47
recent_vintag,47
premier,47
rariti,47
partnership,47
exagger,47
set_apart,47
dive,47
damp_earth,47
veteran,47
scale,47
5050,47
estat_grown,47
extraordinarili_rich,47
flirt,47
21,47
innocu,47
represent,47
27,47
vibe,47
clamp,47
turn_loam,47
strawberri_hull,47
chocolatey,47
one_hand,47
plum_damson,47
press_blue,47
much_els,47
exposur,47
great_job,47
greek,47
premier_crus,47
balsam_vinegar,46
plate,46
qualifi,46
crush_velvet,46
ensembl,46
silken,46
lemonzest,46
anoth_five,46
chock_full,46
alreadi_evolv,46
next_four,46
bakedappl,46
fog,46
wild_thyme,46
wisteria,46
butterscotch_caramel,46
lemonlim_soda,46
heavyhand,46
undergrowth,46
mosel,46
geranium,46
flatten,46
certifi_organ,46
superbl,46
margin,46
ad_interest,46
trick,46
wild_yeast,46
almost_overrip,46
interfer,46
cedar_pencil,46
one_state,46
highalcohol,46
bigtim,46
underbrush_scorch,46
slide,46
hors_heaven,46
arguabl,46
fruitfil,46
negroamaro,46
find_way,46
calistoga,46
readi_go,46
quench,46
need_unwind,46
merit,46
pomegran_juic,46
given_extra,46
sourdough,46
wellbuilt,46
beetroot,46
10_grenach,46
fiano,46
bresaola,46
hawthorn,46
smoothtextur,46
bill,46
percept,46
catarratto,45
drip,45
08,45
bruis_appl,45
chamomil_flower,45
wellripen,45
classic_nebbiolo,45
swing,45
marriag,45
suitabl,45
ashi,45
lower_alcohol,45
encas,45
thai,45
nutmeg_cinnamon,45
middl_eastern,45
nearbi,45
boot,45
monolith,45
15_syrah,45
scatter,45
attempt,45
champoux,45
pire,45
whiff_mediterranean,45
palpabl,45
job,45
15_year,45
veal,45
buck,45
washington_state,45
counterpart,45
musk,45
orchard,45
made_50,45
phenol_edg,45
mourvèdr_grenach,45
sur_lie,45
made_major,45
drink_now–2013,45
complementari,45
anoth_decad,45
sultana,45
equival,45
tip,45
dark_garnet,45
sauv_blanc,45
straw_color,45
air_freshen,45
argentin,45
small_quantiti,45
beam,45
asian_fare,44
wellknown,44
model,44
run_toward,44
rigid,44
desir,44
commingl,44
slip,44
rdd,44
arriv,44
diffus,44
crowd_pleaser,44
yellow_mirabell,44
late_2015,44
mingl_easili,44
goe_easi,44
great_success,44
progress,44
faintest,44
mint_menthol,44
revolv,44
take_away,44
whitepepp,44
overthetop,44
48,44
fulli_ripen,44
fit_bill,44
unintegr,44
cheeseburg,44
pencil_eras,44
time_unwind,44
prickl,44
ribera,44
caus,44
shoot,44
confectioneri_note,44
malvasia_nera,44
grapefru,44
speckl,44
unobtrus,44
vinous,44
dunde_hill,44
famous_vineyard,44
grenach_20,44
subsid,44
centuri,44
gros_manseng,44
suffer,44
delv,44
weav_togeth,44
glint,44
northern_rhône,44
trend_toward,43
inki_color,43
petit_manseng,43
date_back,43
creosot,43
2001,43
excel_valu,43
slight_spritz,43
lazi,43
conner_lee,43
promis_futur,43
côtes_du,43
marcona_almond,43
sharpli,43
rare_find,43
sister,43
king,43
eleg_perlag,43
outright,43
stronger,43
without_lose,43
one_third,43
rusti_color,43
sourc_entir,43
slowli_take,43
43,43
add_dimens,43
mention,43
like_ager,43
shrill,43
technic_dri,43
ok,43
pear_quinc,43
glow,43
built_around,43
scorch,43
pair_pasta,43
lait,43
skill,43
andor,43
wheat,43
viognier_roussann,43
quantiti,43
loos,43
believ,43
matter,43
godello,43
player,43
peat,43
mineraltextur,43
silk,43
besid,43
puncheon,43
deepen,43
overrip_raisin,43
oakinspir,43
nail_polish,43
stainless,43
fulli_matur,43
northwest,43
gravelli_textur,42
wood_influenc,42
pointi,42
counterbal,42
stir,42
replac,42
brais,42
let_breath,42
squash,42
knockout,42
superclean,42
warmth_vintag,42
underlay,42
add_welcom,42
crus,42
spent_time,42
purpos,42
await,42
full_life,42
drink_2016–2020,42
pommard_clone,42
kitchen_spice,42
provenc_rosé,42
vineyard_heart,42
overextract,42
merest_hint,42
extend_long,42
embed,42
volcan,42
review,42
stock,42
toast_marshmallow,42
macabeo,42
perenni,42
lean_compact,42
canteloup,42
best_2017,42
terroirdriven,42
los,42
took,42
sketchi,42
sheer_power,42
art,42
clunki,42
mull,42
quick_fade,42
café_au,42
sage_thyme,42
strap,42
wait_late,42
solid_valu,42
sangiovesebas,42
unmistak,42
tea_leaf,42
sniff,42
nonvintag_blend,42
form_core,42
colombard,42
least_2025,42
optim,42
least_10,42
rais,42
wondrous,42
lambrusco,42
also_detect,42
glori,42
nine_month,42
absolut_delici,42
drinkmenow,42
featherlight,42
mediumintens,42
stream,42
12_petit,42
could_easili,42
médoc,42
15_alcohol,42
light_airi,42
frothi_mouss,42
harddriv,42
transluc,42
statement,42
alreadi_drinkabl,41
unfussi,41
46,41
clove_allspic,41
lava_rock,41
big_brawni,41
furmint,41
chew_gum,41
gunmet,41
candylik,41
length_breadth,41
rush,41
62,41
hover_abov,41
drench,41
cranberri_rhubarb,41
asian,41
sold,41
newwood,41
riot,41
anoth_coupl,41
dappl,41
spade,41
rocki_miner,41
cedari_oak,41
excel_length,41
often_found,41
slather,41
crème,41
2008_vintag,41
hold_anoth,41
mild_heat,41
marin,41
sell,41
develop_fast,41
map,41
medium_build,41
drape,41
rubi_red,41
countrystyl,41
credit,41
preval,41
merlotdomin,41
assert_finegrain,41
two_third,41
show_whi,41
inzolia,41
annual,41
grenach_30,41
lowacid,41
bead,41
steak_lamb,41
honor,41
velvettextur,41
syrah_25,41
late_2018,41
juici_morello,41
frappato,41
loir_valley,41
southwest,41
wet_river,41
followup,41
stride,41
corvina,41
easi_drinker,41
sandi,41
necessari,41
select_parcel,41
monterey_counti,41
mill,41
—mm,41
nearperfect,41
saintemilion,41
wide_appeal,40
mediumsweet_riesl,40
made_predomin,40
blend_51,40
palatecleans,40
almost_syrupi,40
mendocino_counti,40
sodalik,40
now–2030,40
memori,40
mingl_togeth,40
wet_dog,40
tint,40
low_price,40
steadili,40
top_cuvé,40
intend,40
thirst_quench,40
openknit,40
hone,40
smoke_pork,40
bench,40
rich_endow,40
drink_2019–2029,40
brief,40
burnt_rubber,40
bit_onedimension,40
somewhat_flat,40
château_de,40
marc_de,40
grazia,40
encourag,40
perfect_summer,40
block_select,40
ground_coffe,40
eight,40
parsley,40
justpick,40
cherimoya,40
bitter_walnut,40
els,40
sweet_pea,40
sneak,40
extra_dimens,40
darken,40
murmur,40
testarossa,40
aid,40
volcan_soil,40
flower_orchard,40
purplefruit,40
long_island,40
beef_dish,40
shift,40
alongsid_raspi,40
subregion,40
notori,40
mediumdri,40
blend_52,40
glossi,40
gem,40
—pg,40
authorit,40
mouthdri,40
2017–2030,40
barbera_dalba,40
veggi,40
flight,39
pastri_cream,39
deep_gold,39
lip_smack,39
shame,39
hungarian,39
diamond_mountain,39
spend,39
crumbl,39
briar,39
wahluk_slope,39
drink_2016–2022,39
temecula,39
gooseberri_lime,39
ask,39
jicama,39
relat_cool,39
sautern,39
mountaingrown,39
allpurpos,39
endow,39
pineappl_papaya,39
oomph,39
recent_year,39
nt_let,39
pretti_fragranc,39
everi_day,39
destin,39
mistak,39
various_american,39
plateau,39
height,39
critic,39
stag_leap,39
carnat,39
flaw,39
steak_chop,39
resist,39
thorough_delici,39
tune,39
entir_variet,39
palatepleas,39
great_deal,39
advanc,39
dough,39
overcom,39
rita_hill,39
heart_appel,39
whatev,39
ad_depth,39
leyda,39
oak_treatment,39
alcohol_warmth,39
cocoa_nib,39
ferment_neutral,39
count,39
proof,39
refin_perlag,39
slender_bodi,39
lamb_chop,39
impress_sheer,39
oliv_tapenad,39
burnt_sugar,39
march,39
escap,39
falanghina,39
greener,38
fist,38
summertim,38
balanc_neat,38
new_project,38
persist_throughout,38
botan,38
deep_rubi,38
explain,38
delect,38
exterior,38
start_fade,38
douro_superior,38
inflect,38
sharpedg,38
sear_lemon,38
seal,38
simmer,38
famili_sinc,38
herbal_overton,38
talk,38
16_month,38
pine_sap,38
pool,38
cellarworthi,38
chive,38
core_surround,38
undoubt,38
umbria,38
foursquar,38
catch,38
grenach_cinsault,38
straight_line,38
reflect_vintag,38
farmyard,38
pine_nut,38
sauvag,38
seafood_dish,38
immedi_enjoy,38
almost_anyth,38
caress,38
blacktea,38
merlot_20,38
illumin,38
largest,38
author,38
end_2017,38
2028,38
devoid,38
coombsvill,38
oldschool,38
eight_month,38
littl_onedimension,38
upon_entri,38
citrusflavor,38
slightest_touch,38
impos,38
barbecu_smoke,38
tug,38
beet_juic,38
trend,38
stocki,38
man,38
limitedproduct,38
bring_mind,38
healthi_dose,38
campania,38
rest_equal,38
cold_creek,38
overtak,38
reign,38
rather_evolv,38
drink_2028,38
gaillac,38
pecan,38
harmon,38
employ,38
stubborn,38
100_sangioves,38
vintag_port,38
commend,37
swirl_glass,37
tertiari_aroma,37
perfect_proport,37
telltal,37
imbu,37
perfect_match,37
sauté_mushroom,37
proceed,37
ice_cream,37
raw_oyster,37
santa,37
soup,37
flurri,37
sum,37
buttercup,37
insolia,37
hold_steadi,37
earn,37
rather_dilut,37
crush_gravel,37
life_ahead,37
highqual,37
commerci,37
pop_cork,37
bloom,37
lifesav,37
cream_sauc,37
crush_peppercorn,37
singl_parcel,37
read,37
unresolv,37
roast_hazelnut,37
hors,37
span,37
one_itali,37
wheati,37
relat_low,37
bud,37
saintestèph,37
bombast,37
intact,37
littl_flat,37
coffe_liqueur,37
help_keep,37
pecorino,37
second_label,37
tealik,37
chestnut_honey,37
blue_chees,37
dewi,37
multifacet,37
mushroom_risotto,37
ultraclean,37
outdoor,37
cobbler,37
grenadin,37
charl,37
chocolatecov_raisin,37
chilli_vintag,37
ident,37
evolv_glass,37
boushey_vineyard,37
briney,37
spicebox,37
crystal,37
almost_entir,37
stop_short,37
sens_puriti,37
collaps,37
pure_line,37
whack,37
sonoma_valley,37
includ_small,37
finetun,37
girth,36
shed,36
put_togeth,36
fennel_bulb,36
drink_2019–2025,36
outweigh,36
tea_leav,36
stabl,36
gravita,36
acquir,36
cork,36
westsid_road,36
salt_caramel,36
crack_peppercorn,36
inland,36
santa_rita,36
without_ever,36
challeng_vintag,36
alreadi_extrem,36
heat_burn,36
fern,36
scrape,36
sediment,36
allow_room,36
refresh_quaffabl,36
22_month,36
good_buy,36
necessarili,36
straightahead,36
notch,36
sugar_cooki,36
côtes_de,36
slight_confect,36
might_want,36
wild_forest,36
strip,36
crab,36
golden_honey,36
livermor_valley,36
turkey,36
new_york,36
rock_district,36
les_collin,36
asian_food,36
blow_reveal,36
hedgerow,36
grosso,36
nt_look,36
enjoy_2016,36
fulsom,36
befor_2020,36
new_american,36
10–15_year,36
drunk_young,36
sting,36
youth_exuber,36
vanilla_ice,36
roman,36
jalapeño_pepper,36
crispest,36
lack_subtleti,36
proprietari,36
matur_orchard,36
harder,36
chew_tobacco,36
spotlight,36
method,36
cofer_viognier,36
de_provenc,36
continu_evolv,36
leap,36
taurasi,36
alfrocheiro,36
burnt_coffe,36
fullfigur,36
goto,36
organ_grape,36
wait_2016,36
easydrink_appeal,36
braucol,36
warrant,36
latest_vintag,36
pale_rosé,36
bulgarian,36
midweight,36
nectarin_flesh,36
status,36
horseradish,35
cheesi_oak,35
becom_appar,35
techniqu,35
composit,35
oregano_marjoram,35
sommeli,35
miso,35
alto,35
creamier,35
2006_vintag,35
rhône_varieti,35
lesser,35
price_tag,35
filter,35
lemon_balm,35
toasti_blacken,35
drink_hair,35
big_bur,35
get_past,35
sole,35
pair_lamb,35
usa,35
harmoni_whole,35
foil,35
40yearold_vine,35
boushey,35
meritag,35
come_aliv,35
53,35
age_tawni,35
next_eight,35
shortag,35
younger,35
bet,35
month_french,35
salmoncolor,35
treatment,35
58,35
pencillead,35
hour_two,35
pomegran_persimmon,35
european,35
salami,35
mint_thyme,35
near_equal,35
chocol_cake,35
garnet,35
technic,35
remov,35
austria,35
mediumweight_mouth,35
esteem,35
oaki_resini,35
loosen,35
mader,35
freshcut_grass,35
bouquet_redol,35
screw_cap,35
tightgrain,35
driedfruit,35
lighterstyl,35
mt,35
ago,35
swamp,35
cuisin,35
scrub,35
garnacha_blanca,35
specimen,35
125,35
would_expect,35
untam,35
pruni,35
improv_next,35
24_month,35
santa_cruz,35
2000,35
tavel,35
spici_thai,35
warmth_evid,35
gird,35
pay,35
popular_style,35
61,35
gl,35
rather_quick,35
violet_lilac,35
roast_fennel,35
cult,35
nice_job,35
teroldego,35
moist_pipe,35
tini_amount,35
provenç_herb,35
sit_top,34
warm_climat,34
pink_ladi,34
chop_sage,34
gooey,34
vernaccia,34
interspers,34
trade,34
string,34
least_anoth,34
pomerol,34
bolder,34
spice_box,34
concoct,34
peach_nectar,34
chief,34
onli_lightest,34
spoton,34
idea,34
purpleflow,34
milki,34
slight_reduct,34
thick_syrupi,34
drink_2015–2020,34
ripefruit,34
cherryflavor,34
greenish,34
struck_match,34
gain_traction,34
blaze_acid,34
proprietor,34
relat_new,34
absorb,34
silkytextur,34
thyme_rosemari,34
drink_2015–2025,34
bacchus,34
befor_2018,34
roast_game,34
rapid,34
addict,34
modest_price,34
intrus,34
sandpaperi,34
zero,34
bode_well,34
fruitflavor,34
ferment_nativ,34
toast_baguett,34
rosé_sparkler,34
winemak_team,34
garlic,34
grapefruit_rind,34
stainlesssteel,34
barreldriven,34
pair_seafood,34
baga,34
streak_run,34
lifesav_candi,34
thicker,34
raw_meat,34
saintjulien,34
best_drunk,34
gasconi,34
2027,34
longterm,34
oakinfus,34
decant_befor,34
beef_lamb,34
grenach_25,34
wait_2015,34
golden_raisin,34
47,34
veri_moreish,34
store,34
whistleclean,34
eric,34
coolvintag,34
sonor,34
provid_backdrop,34
erupt,34
disposit,34
least_decad,34
cellar_2022,34
unrip_green,34
vanilla_wafer,34
flesh_rind,33
semidri,33
grill_seafood,33
finger_food,33
somewhat_rustic,33
sauté,33
fish_dish,33
format,33
equal_proport,33
lavend_violet,33
window,33
america,33
earthi_funk,33
light_prickl,33
also_contain,33
chilli,33
mold,33
brief_decant,33
crémant,33
landmark,33
utter_delici,33
45_cabernet,33
grill_sausag,33
glass_reveal,33
move_toward,33
syrah_carignan,33
2013_vintag,33
recogniz,33
divers,33
klipsun_vineyard,33
sundrench,33
sagemoor,33
haunt,33
zone,33
beauti_craft,33
liter,33
fruitless,33
chime,33
overtaken,33
pine_resin,33
macadamia_nut,33
nebbiolo_grape,33
caper,33
difficulti,33
lightcolor,33
camp,33
calibr,33
entir_stainless,33
need_calm,33
grill_chicken,33
mesmer,33
final_burst,33
applic,33
veteran_winemak,33
despit_low,33
sta,33
taper_toward,33
dr,33
blackplum_skin,33
pitch,33
bruis,33
guess,33
grenach_40,33
8890_barrel,33
oakier,33
exemplifi,33
smoke_salmon,33
mexican,33
simpli_delici,33
penetr_deepli,33
among_best,33
tannic_grab,33
captur_essenc,33
myriad,33
suggest_ageabl,33
portstyl,33
sangioves_canaiolo,33
easytolik,33
coastal_pinot,33
earli_2018,33
spicedriven,33
mayb_even,33
tribut,33
inaugur,33
anim_fur,33
consider_potenti,33
pervas,33
furri_tannin,33
serv_chill,33
91–93,33
seco,33
newli,33
talc,33
8991,33
casa,32
muscadell,32
candid,32
unravel,32
upon_open,32
nativ_yeast,32
56,32
sesam,32
razorsharp,32
sibl,32
straddl,32
enjoy_2017,32
laid,32
appleflavor,32
earli_2017,32
1999,32
nori,32
tannin_clench,32
beckon,32
squirt,32
thorni,32
streak_iron,32
improv_least,32
pinkcolor,32
60_merlot,32
wellag,32
greco,32
ball,32
rudimentari,32
remaind,32
art_blend,32
lemon_chiffon,32
button_mushroom,32
sprite,32
viticultur,32
push_forward,32
travel,32
ultra,32
chili_pepper,32
mouthcleans,32
ride_high,32
hard_tell,32
southern_end,32
prickl_tongu,32
prevent,32
hard_imagin,32
lead_charg,32
vanillin,32
antão,32
best_2010,32
tri_pair,32
various_vineyard,32
despit_relat,32
link,32
close_eventu,32
nearterm_drink,32
wet_gravel,32
bake_soda,32
rose_iri,32
set_backdrop,32
cool_2011,32
cherryvanilla,32
expos,32
